{
    "test": {
        "combined": {
            "loss": [
                0.628049373626709,
                0.481059193611145,
                1.0621848106384277,
                0.5644669532775879,
                1.0794565677642822,
                0.5162570476531982,
                0.545150876045227
            ]
        },
        "label": {
            "accuracy": [
                0.7575595378875732,
                0.8078672885894775,
                0.5753278136253357,
                0.8116136193275452,
                0.6473106741905212,
                0.7993042469024658,
                0.7985014915466309
            ],
            "hits_at_k": [
                1.0,
                1.0,
                1.0,
                1.0,
                1.0,
                1.0,
                1.0
            ],
            "loss": [
                0.628049373626709,
                0.481059193611145,
                1.0621848106384277,
                0.5644669532775879,
                1.0794565677642822,
                0.5162570476531982,
                0.545150876045227
            ]
        }
    },
    "training": {
        "combined": {
            "loss": [
                0.5893401503562927,
                0.46336042881011963,
                1.066005825996399,
                0.5301321744918823,
                1.0507558584213257,
                0.4922216534614563,
                0.5488479733467102
            ]
        },
        "label": {
            "accuracy": [
                0.7660703659057617,
                0.8000303506851196,
                0.5814887881278992,
                0.8115524649620056,
                0.6536537408828735,
                0.8073074817657471,
                0.7988174557685852
            ],
            "hits_at_k": [
                1.0,
                1.0,
                1.0,
                1.0,
                1.0,
                1.0,
                1.0
            ],
            "loss": [
                0.5893401503562927,
                0.46336042881011963,
                1.066005825996399,
                0.5301321744918823,
                1.0507558584213257,
                0.4922216534614563,
                0.5488479733467102
            ]
        }
    },
    "validation": {
        "combined": {
            "loss": [
                0.6611236333847046,
                0.4725515842437744,
                1.0153462886810303,
                0.6138814687728882,
                1.0401476621627808,
                0.5403020977973938,
                0.5610650181770325
            ]
        },
        "label": {
            "accuracy": [
                0.7364975214004517,
                0.8030551075935364,
                0.6110202074050903,
                0.7915984988212585,
                0.6481178402900696,
                0.7845062613487244,
                0.7937806844711304
            ],
            "hits_at_k": [
                1.0,
                1.0,
                1.0,
                1.0,
                1.0,
                1.0,
                1.0
            ],
            "loss": [
                0.6611236333847046,
                0.4725515842437744,
                1.0153462886810303,
                0.6138814687728882,
                1.0401476621627808,
                0.5403020977973938,
                0.5610650181770325
            ]
        }
    }
}